{
  "name": "angular-messages",
  "version": "1.5.3",
  "license": "MIT",
  "main": "./angular-messages.js",
  "ignore": [],
  "dependencies": {
    "angular": "1.5.3"
  },
  "homepage": "https://github.com/angular/bower-angular-messages",
  "_release": "1.5.3",
  "_resolution": {
    "type": "version",
    "tag": "v1.5.3",
    "commit": "aa692d753dd21ec3bfd058abe991ba18e6d30893"
  },
  "_source": "https://github.com/angular/bower-angular-messages.git",
  "_target": "1.5.3",
  "_originalSource": "angular-messages",
  "_direct": true
}