{
  "name": "ionic-datepicker",
  "version": "1.2.1",
  "authors": [
    "rajeshwarpatlolla <rajeshwar.patlolla@gmail.com>"
  ],
  "description": "A date picker for ionic framework",
  "main": [
    "./dist/ionic-datepicker.bundle.min.js"
  ],
  "keywords": [
    "ionic-datepicker",
    "ionic",
    "datepicker",
    "datepicker for ionic",
    "datepicker for ionic framework"
  ],
  "license": "MIT",
  "homepage": "https://github.com/rajeshwarpatlolla",
  "ignore": [
    "**/.*",
    "node_modules",
    "bower_components",
    "test",
    "tests"
  ],
  "dependencies": {
    "ionic": ">=0.9.27"
  },
  "_release": "1.2.1",
  "_resolution": {
    "type": "version",
    "tag": "v1.2.1",
    "commit": "ad2c48dbf2d06b68bec31515c28c3046ac5363da"
  },
  "_source": "https://github.com/rajeshwarpatlolla/ionic-datepicker.git",
  "_target": "^1.2.1",
  "_originalSource": "ionic-datepicker",
  "_direct": true
}